{
  "return": 2.4287290022862837,
  "cameraMatrix": [
    [
      733.4809089270935,
      0.0,
      323.1670600623717
    ],
    [
      0.0,
      754.7203265771236,
      379.82271189367333
    ],
    [
      0.0,
      0.0,
      1.0
    ]
  ],
  "distCoeffs": [
    -0.20487927388208216,
    1.861826525265746,
    0.04698705564278698,
    -0.003667632155356254,
    -4.061583411233092
  ],
  "radialVectors": [
    [
      -0.2802671285607789
    ],
    [
      0.834943747936182
    ],
    [
      2.6958609556154443
    ]
  ],
  "translationVectors": [
    [
      -0.27142199599714106
    ],
    [
      -0.3127742298993691
    ],
    [
      28.579302695946787
    ]
  ]
}