{
  "ret": 1.1657959832354985,
  "cameraMatrix": [
    [
      592.5222558774394,
      0.0,
      296.32495433716986
    ],
    [
      0.0,
      592.4007314233194,
      253.76643426263868
    ],
    [
      0.0,
      0.0,
      1.0
    ]
  ],
  "distCoeffs": [
    [
      0.06312683466009013,
      0.5933752211295451,
      0.006353979213093793,
      -0.011837845527619469,
      -5.593677453238633
    ]
  ],
  "radialVectors": [
    [
      [
        -0.23719470178128
      ],
      [
        0.26775227906585924
      ],
      [
        1.5814040922455879
      ]
    ],
    [
      [
        -0.12326254822471329
      ],
      [
        0.4773741278120845
      ],
      [
        3.0553716797932924
      ]
    ],
    [
      [
        0.9744757040087499
      ],
      [
        0.5243876280347864
      ],
      [
        2.843307222281144
      ]
    ],
    [
      [
        1.5389301429632298
      ],
      [
        -0.5279516917254727
      ],
      [
        -2.6608314451206607
      ]
    ],
    [
      [
        0.48082922473261375
      ],
      [
        -1.2094154709006153
      ],
      [
        -2.470481969556873
      ]
    ],
    [
      [
        0.4321052814597948
      ],
      [
        -0.6210590548031648
      ],
      [
        -2.7661261375152404
      ]
    ],
    [
      [
        0.26586105459845016
      ],
      [
        0.21099498365854596
      ],
      [
        -2.955652408727392
      ]
    ],
    [
      [
        -0.1413958526359465
      ],
      [
        -0.5350772687537338
      ],
      [
        2.830174736883724
      ]
    ],
    [
      [
        0.08117963481154483
      ],
      [
        0.2174408270566406
      ],
      [
        2.7754848564409285
      ]
    ],
    [
      [
        -0.24356311857697693
      ],
      [
        0.45031885828259305
      ],
      [
        3.028726627349465
      ]
    ]
  ],
  "translationVectors": [
    [
      []
    ],
    [
      [],
      [
        2.8572690104637153
      ],
      [
        -7.615908916630913
      ],
      [
        24.751324066985937
      ]
    ],
    [
      [],
      [
        3.444033294095574
      ],
      [
        4.839380710060164
      ],
      [
        19.742263123854475
      ]
    ],
    [
      [],
      [
        2.818095587684052
      ],
      [
        4.787428402408597
      ],
      [
        16.28295776206514
      ]
    ],
    [
      [],
      [
        2.294794146423769
      ],
      [
        4.097381845941864
      ],
      [
        21.204567888685496
      ]
    ],
    [
      [],
      [
        2.331527527227014
      ],
      [
        2.865499336580117
      ],
      [
        19.62273147693652
      ]
    ],
    [
      [],
      [
        2.572517898697012
      ],
      [
        2.0073110529496625
      ],
      [
        20.697737776879826
      ]
    ],
    [
      [],
      [
        2.779999932458484
      ],
      [
        1.074550716070319
      ],
      [
        20.97114252751016
      ]
    ],
    [
      [],
      [
        3.5389682576210553
      ],
      [
        -1.0407987011402187
      ],
      [
        19.2261828786678
      ]
    ],
    [
      [],
      [
        3.172643810639327
      ],
      [
        -1.42995908496474
      ],
      [
        18.484943025986123
      ]
    ],
    [
      [],
      [
        2.440513400453875
      ],
      [
        0.40248680586486796
      ],
      [
        19.074897931124323
      ]
    ]
  ]
}